t,Z_mpmath,kind,gap,norm_gap
10000000000001.3261718750,-3.029825440795e-03,min,,
10000000000167.9433593750,5.378308704887e-03,max,,
10000000000263.1484375000,-1.723236997067e-02,min,,
10000000000474.2500000000,-1.806841299480e-02,min,,
10000000000618.6503906250,-1.813984707273e-02,min,,
10000000000646.5800781250,1.690947003282e-02,max,,
10000000000918.1601562500,-1.957142169225e-02,min,,
10000000000944.3515625000,7.505203307499e-03,max,,
10000000000951.6191406250,1.773148715914e-02,max,,
10000000000997.9843750000,1.770600713262e-03,max,,
10000000001053.1269531250,3.714255458051e-03,max,,
10000000001111.1601562500,1.729482646759e-02,max,,
10000000001224.3652343750,1.764026201057e-02,max,,
10000000001234.7734375000,8.453571862466e-03,max,,
10000000001273.0839843750,1.575807559841e-02,max,,
10000000001414.3222656250,-1.556523866911e-02,min,,
10000000001424.7695312500,1.556281840971e-02,max,,
10000000001435.0371093750,1.567918718993e-02,max,,
10000000001488.3632812500,1.703397237194e-02,max,,
10000000001544.6386718750,1.239460857094e-02,max,,
10000000001584.9453125000,1.993351685390e-02,max,,
10000000001598.6582031250,5.067645485310e-03,max,,
10000000001695.8339843750,1.254618752636e-02,max,,
10000000001755.4003906250,1.962077340364e-02,max,,
10000000001831.5937500000,-1.169679163384e-02,min,,
10000000001941.5410156250,-1.787769387740e-02,min,,
10000000001958.0058593750,1.805657728170e-02,max,,
10000000001972.9746093750,-7.326992682913e-03,min,,
10000000002032.9531250000,-1.432687077471e-02,min,,
10000000002223.9531250000,-1.434923095755e-02,min,,
10000000002250.2089843750,-1.004796328369e-02,min,,
10000000002297.1484375000,-1.841240883915e-02,min,,
10000000002376.1621093750,1.601396100865e-03,max,1.05927672e-02,0.047366
10000000002402.0410156250,-1.858943320733e-02,min,,
10000000002541.4941406250,1.543505416415e-02,max,,
10000000002576.7734375000,6.732626962395e-03,max,,
10000000002660.9921875000,1.006831686118e-02,max,,
10000000002695.9667968750,6.965889399515e-03,max,,
10000000002723.5019531250,5.314186168087e-03,max,,
10000000002785.2089843750,-1.351826008095e-02,min,,
10000000002867.0488281250,-7.981054161796e-03,min,,
10000000002958.2460937500,-7.825090979555e-03,min,,
10000000002985.1542968750,1.907401335344e-02,max,,
10000000003101.1894531250,1.256238468222e-02,max,,
10000000003204.1562500000,-1.823625958291e-02,min,,
10000000003362.1894531250,-4.898784527392e-03,min,1.00212757e-02,0.044811
10000000003374.5664062500,9.948378776258e-03,max,,
10000000003438.7187500000,1.517247133190e-02,max,,
10000000003500.2148437500,1.314310470494e-02,max,,
10000000003593.1230468750,1.889688648490e-02,max,,
10000000003610.1718750000,1.356715097584e-02,max,,
10000000003628.8808593750,1.152142337591e-02,max,,
10000000003656.0136718750,-3.129175552722e-03,min,,
10000000003752.8652343750,1.496986909697e-02,max,,
10000000003754.5781250000,8.861906010054e-03,max,,
10000000003762.6816406250,1.724964319186e-02,max,,
10000000003764.7832031250,-2.727462582793e-03,min,,
10000000003766.0664062500,1.514648443037e-02,max,,
10000000003770.0722656250,-8.408030553510e-03,min,,
10000000003780.7460937500,5.168101309582e-03,max,,
10000000003846.3652343750,1.088637035983e-02,max,,
10000000003851.6601562500,1.595764257630e-02,max,,
10000000003862.4023437500,9.119922664370e-03,max,,
10000000003917.5625000000,1.505064916969e-02,max,,
10000000003935.6972656250,-9.342059242371e-03,min,,
10000000003965.0410156250,-1.592226827486e-02,min,,
10000000003989.3398437500,3.748192993763e-03,max,,
10000000004119.5742187500,1.104650737208e-02,max,,
10000000004198.2343750000,1.667908573850e-02,max,,
10000000004320.3281250000,3.534567496662e-03,max,,
10000000004381.0937500000,-1.647528003798e-02,min,,
10000000004397.5761718750,-3.807817768300e-03,min,,
10000000004455.6289062500,-1.829782777255e-02,min,,
10000000004534.2578125000,1.859465436236e-02,max,,
10000000004598.5195312500,1.763723316460e-02,max,,
10000000004601.2187500000,1.669087605341e-02,max,,
10000000004606.2753906250,7.568595656955e-03,max,,
10000000004737.0820312500,-1.167560455600e-02,min,,
10000000004931.8652343750,1.821101685290e-02,max,,
10000000004988.8144531250,-1.128240323443e-02,min,,
10000000005028.1992187500,-1.206419797948e-02,min,,
10000000005069.1640625000,1.408121763272e-02,max,,
10000000005229.4687500000,-9.975244951174e-03,min,,
10000000005280.5195312500,9.797029722898e-03,max,,
10000000005295.6406250000,-4.881175252064e-03,min,,
10000000005405.5078125000,7.582485514786e-03,max,,
10000000005421.4433593750,-1.158085323893e-02,min,,
10000000005452.4296875000,2.684495977038e-03,max,,
10000000005656.9199218750,4.329781608746e-03,max,,
10000000005730.7617187500,2.960227333654e-03,max,,
10000000005748.5117187500,1.551462232639e-02,max,,
10000000005777.1484375000,7.029931135639e-03,max,,
10000000005869.9589843750,-7.087102162649e-03,min,,
10000000006050.9902343750,-1.749157680419e-02,min,,
10000000006055.1269531250,-1.644692873251e-02,min,,
10000000006155.0078125000,-1.426252513696e-02,min,,
10000000006239.4433593750,-7.960894415153e-03,min,,
10000000006257.7343750000,-7.166312350568e-03,min,,
10000000006311.7226562500,1.691495157046e-02,max,,
10000000006377.5332031250,-5.362693841202e-03,min,,
10000000006393.3242187500,-8.623060693353e-03,min,,
10000000006400.1640625000,-9.209517553530e-03,min,,
10000000006463.6015625000,-1.317936112067e-02,min,,
10000000006468.6054687500,1.524251625646e-02,max,,
10000000006522.0996093750,-6.042859986761e-03,min,,
10000000006646.8417968750,-1.354099039047e-02,min,,
10000000006654.7871093750,9.468745958730e-03,max,,
10000000006658.8261718750,-9.076253121414e-03,min,,
10000000006703.8828125000,9.021320480635e-03,max,,
10000000006720.8496093750,1.889956550530e-02,max,,
10000000006771.2714843750,-1.304298561358e-02,min,,
10000000006880.8828125000,-4.021228820480e-03,min,,
10000000006938.5859375000,-1.433662643297e-02,min,,
10000000006948.9667968750,1.451785434077e-02,max,,
10000000007052.4062500000,1.542567539607e-02,max,,
10000000007122.8222656250,-1.172155276121e-02,min,,
10000000007181.1855468750,1.876538100132e-02,max,,
10000000007213.4960937500,5.588826653218e-03,max,,
10000000007281.6093750000,-1.636776683495e-02,min,,
10000000007291.2656250000,1.969402082084e-02,max,,
10000000007377.9101562500,1.794173774444e-02,max,,
10000000007423.4941406250,-1.644835109973e-02,min,,
10000000007455.7207031250,2.679132920979e-03,max,1.06270850e-02,0.047520
10000000007562.3496093750,-1.202658854555e-03,min,1.07050088e-02,0.047868
10000000007613.0000000000,-1.264616628350e-02,min,,
10000000007614.6035156250,1.602466936157e-02,max,,
10000000007698.5117187500,7.748927008434e-03,max,,
10000000007704.3183593750,-1.743282975405e-02,min,,
10000000007717.3144531250,6.275648678859e-03,max,,
10000000007733.0722656250,5.432294478316e-03,max,,
10000000007779.7539062500,-1.182938869160e-02,min,,
10000000007852.8750000000,-1.060505677990e-02,min,,
10000000007895.0019531250,1.716501236995e-02,max,,
10000000007990.0195312500,-1.135416797668e-02,min,,
10000000008072.0292968750,2.303543044566e-03,max,1.01324981e-02,0.045308
10000000008088.8554687500,-1.992478149475e-02,min,,
10000000008105.6074218750,1.575275109552e-02,max,,
10000000008259.8789062500,1.154219016006e-02,max,,
10000000008295.5605468750,-1.789161556694e-02,min,,
10000000008349.7187500000,-7.509904309368e-03,min,,
10000000008396.7128906250,1.288627031525e-02,max,,
10000000008404.2148437500,-1.307896397178e-02,min,,
10000000008605.0722656250,-7.856379029105e-03,min,,
10000000008610.0644531250,-1.455736784703e-02,min,,
10000000008767.1757812500,1.606770417995e-02,max,,
10000000008795.3632812500,1.677947485895e-02,max,,
10000000008810.4687500000,9.102738051834e-03,max,,
10000000008840.3847656250,-1.722362933209e-02,min,,
10000000008856.8750000000,-1.870005588933e-02,min,,
10000000008916.4414062500,1.321783905006e-02,max,,
10000000008950.8789062500,9.634867266526e-03,max,,
10000000009019.2968750000,-3.544580081777e-03,min,,
10000000009147.5742187500,-1.217334240725e-02,min,,
10000000009176.5742187500,-6.874487126107e-03,min,,
10000000009231.7871093750,1.483078256589e-02,max,,
10000000009351.3613281250,8.394169395031e-03,max,,
10000000009393.5273437500,-1.785993636029e-02,min,,
10000000009437.9921875000,1.920695694768e-02,max,,
10000000009483.9570312500,-4.224014549167e-03,min,,
10000000009489.7910156250,-1.766385275501e-02,min,,
10000000009500.3593750000,9.924092265199e-03,max,,
10000000009511.7421875000,-2.989625142232e-03,min,,
10000000009564.2714843750,8.083966213473e-03,max,,
10000000009584.5878906250,-8.554796897724e-03,min,,
10000000009622.5917968750,1.965712188524e-02,max,,
10000000009665.5546875000,-9.832274832646e-03,min,,
10000000009985.2597656250,-3.854452158850e-03,min,1.04990411e-02,0.046947
10000000010010.3281250000,-1.646393314082e-02,min,,
10000000010054.9394531250,7.406340068707e-03,max,,
10000000010055.2363281250,1.861026625916e-02,max,,
10000000010171.3496093750,6.780739497448e-03,max,,
10000000010245.5410156250,-9.888571540629e-03,min,,
10000000010265.7109375000,-6.266037922870e-03,min,,
10000000010300.2246093750,-1.944318114119e-02,min,,
10000000010329.4375000000,9.235246399820e-03,max,,
10000000010352.1562500000,-6.978274807194e-03,min,,
10000000010402.3242187500,1.928023334313e-02,max,,
10000000010491.5722656250,-9.849995848943e-03,min,,
10000000010575.3574218750,1.487375911095e-02,max,,
10000000010680.2988281250,-1.960697573075e-03,min,1.03619713e-02,0.046334
10000000010700.8730468750,-1.915180899146e-02,min,,
10000000010706.9179687500,1.922046794649e-02,max,,
10000000010719.9667968750,-1.730678369832e-02,min,,
10000000010746.4296875000,-1.101327069332e-02,min,,
10000000010769.4277343750,-1.870643814825e-02,min,,
10000000010808.5058593750,1.187958336793e-02,max,,
10000000010890.5820312500,-7.216287618239e-03,min,,
10000000010924.3964843750,1.870710816701e-02,max,,
10000000010953.3125000000,8.431519450723e-03,max,,
10000000011015.4003906250,-1.654434731055e-02,min,,
10000000011039.8007812500,1.524881642679e-02,max,,
10000000011117.4062500000,-8.075058917318e-03,min,,
10000000011152.7871093750,6.919694398489e-03,max,,
10000000011158.9140625000,6.262623500254e-03,max,,
10000000011272.9257812500,-1.236623143562e-02,min,,
10000000011405.2539062500,1.354545939901e-02,max,,
10000000011434.0644531250,-2.927176936068e-03,min,,
10000000011460.4277343750,-1.806358436527e-02,min,,
10000000011485.4589843750,-1.528939330816e-02,min,,
10000000011549.6562500000,1.769899785584e-02,max,,
10000000011575.8789062500,-2.263418201738e-03,min,,
10000000011678.4765625000,8.078761313727e-03,max,,
10000000011769.2578125000,2.065616882570e-03,max,9.58035401e-03,0.042839
10000000011878.9941406250,-7.288036454668e-03,min,,
10000000011914.5703125000,1.176939966457e-02,max,,
10000000011995.5078125000,1.846633199384e-02,max,,
10000000012051.3574218750,4.690282479152e-03,max,,
10000000012066.6601562500,1.805415433438e-02,max,,
10000000012084.9570312500,-1.883887782060e-02,min,,
10000000012166.0957031250,8.474766721184e-03,max,,
10000000012257.4238281250,-1.422109033770e-02,min,,
10000000012393.3203125000,1.917446182235e-02,max,,
10000000012538.1523437500,9.671942809167e-03,max,,
10000000012663.6953125000,-1.156817870689e-02,min,,
10000000012674.0800781250,1.911499428149e-02,max,,
10000000012744.6621093750,-4.934833530224e-03,min,,
10000000012795.7109375000,1.678088785948e-02,max,,
10000000012893.8906250000,-1.377138583918e-02,min,,
10000000012955.1640625000,-1.185593246020e-02,min,,
10000000013046.2050781250,1.876093771027e-02,max,,
10000000013115.2187500000,3.240685389655e-03,max,,
10000000013182.9980468750,1.289178663391e-02,max,,
10000000013188.4824218750,4.050657118781e-03,max,,
10000000013245.3496093750,4.935504429451e-03,max,,
10000000013326.3828125000,-1.297206925639e-02,min,,
10000000013344.9628906250,1.013891337294e-02,max,,
10000000013362.4296875000,1.220945580925e-02,max,,
10000000013365.9394531250,1.181360897679e-02,max,,
10000000013491.7207031250,1.361186541579e-02,max,,
10000000013599.9355468750,9.887828851705e-03,max,,
10000000013868.5019531250,1.280529389709e-02,max,,
10000000013916.5585937500,1.576893665497e-02,max,,
10000000013955.2890625000,-8.423676266612e-03,min,,
10000000014018.9726562500,1.369917132572e-02,max,,
10000000014096.9453125000,1.631909611616e-02,max,,
10000000014142.6777343750,-1.305125174532e-02,min,,
10000000014169.6621093750,2.496478363882e-03,max,,
10000000014172.7519531250,-1.059255756346e-02,min,,
10000000014215.1386718750,-1.471934059200e-02,min,,
10000000014275.5410156250,-1.093277271978e-02,min,,
10000000014550.2148437500,-1.154875358611e-02,min,,
10000000014630.4277343750,1.864517524852e-02,max,,
10000000014665.5839843750,-8.892793157533e-03,min,,
10000000014704.1074218750,-1.044818040704e-02,min,,
10000000014744.2050781250,-1.582611633565e-02,min,,
10000000014774.0410156250,1.115455388319e-02,max,,
10000000014838.0371093750,9.872835581400e-04,max,7.80669572e-03,0.034908
10000000014848.5625000000,-1.623493712042e-02,min,,
10000000014867.7500000000,-8.036974894124e-03,min,,
10000000015111.3183593750,5.876140282587e-03,max,,
10000000015111.3808593750,-1.053034517343e-02,min,,
10000000015120.9609375000,-1.701122899150e-02,min,,
10000000015294.8281250000,-1.137736801045e-02,min,,
10000000015305.2402343750,-4.536389343177e-03,min,,
10000000015529.6757812500,-1.517314329300e-02,min,,
10000000015532.2617187500,-6.401690401136e-03,min,,
10000000015676.6621093750,1.491726376393e-02,max,,
10000000015785.2851562500,1.295014203420e-02,max,,
10000000015929.0585937500,-1.855988013194e-02,min,,
10000000015938.8789062500,-7.612875264422e-03,min,,
10000000016020.7128906250,-1.836913066069e-02,min,,
10000000016066.9726562500,1.427077201840e-02,max,,
10000000016163.9804687500,-1.860804841942e-02,min,,
10000000016289.6523437500,-1.126172598563e-02,min,,
10000000016597.5566406250,1.013011171331e-02,max,,
10000000016625.9199218750,-4.586238444900e-03,min,,
10000000016672.1308593750,1.293232622478e-02,max,,
10000000016707.4296875000,-1.418277455515e-02,min,,
10000000016828.6250000000,8.463719024271e-04,max,4.64678380e-03,0.020778
10000000016936.2558593750,-5.391121119445e-03,min,,
10000000017092.0605468750,1.454590748101e-02,max,,
10000000017100.6386718750,1.790612884297e-02,max,,
10000000017422.2929687500,1.465412739770e-02,max,,
10000000017521.1269531250,6.613679512063e-03,max,,
10000000017523.4941406250,1.120457751314e-02,max,,
10000000017526.3359375000,-9.799293462148e-03,min,,
10000000017557.7714843750,-5.604374009118e-03,min,,
10000000017587.5742187500,-1.171755395608e-02,min,,
10000000017639.6425781250,1.969377519368e-02,max,,
10000000017695.1933593750,1.691865497309e-02,max,,
10000000017752.4042968750,1.934154405811e-02,max,,
10000000017776.3281250000,-1.620506367269e-02,min,,
10000000017812.1894531250,-1.437341336251e-02,min,,
10000000017856.7656250000,-1.192771778785e-02,min,,
10000000017969.5156250000,-3.777722885432e-03,min,,
10000000017988.3984375000,8.569514776260e-03,max,,
10000000018078.2734375000,-1.684626103788e-02,min,,
10000000018140.2871093750,1.127118886999e-02,max,,
10000000018182.8066406250,-8.180703270593e-03,min,,
10000000018222.0742187500,1.881345921428e-02,max,,
10000000018237.3046875000,1.635346966354e-02,max,,
10000000018279.2246093750,1.793715337152e-02,max,,
10000000018295.2558593750,-9.369562152789e-03,min,,
10000000018405.5957031250,-1.125998247936e-02,min,,
10000000018515.4453125000,-1.689805309046e-02,min,,
10000000018530.6289062500,1.022318663985e-02,max,,
10000000018537.7324218750,-1.354989662134e-02,min,,
10000000018537.7988281250,1.702029241098e-02,max,,
10000000018596.1152343750,-1.924813827202e-02,min,,
10000000018640.1953125000,1.938805436606e-02,max,,
10000000018641.2285156250,-6.885938252370e-03,min,,
10000000018690.2109375000,-1.729172595444e-02,min,,
10000000018701.7324218750,-1.150298024106e-02,min,,
10000000018777.1640625000,-8.008062575524e-03,min,,
10000000018822.0644531250,-1.921015294172e-02,min,,
10000000018830.2500000000,1.910308775533e-02,max,,
10000000018886.3398437500,-1.536359085112e-02,min,,
10000000018902.3867187500,1.989331915802e-02,max,,
10000000018903.1621093750,5.085129035583e-03,max,,
10000000018920.3652343750,5.345834836666e-03,max,,
10000000018981.9960937500,1.581614452336e-02,max,,
10000000018983.2890625000,1.688556489365e-02,max,,
10000000019108.1933593750,1.442464038080e-02,max,,
10000000019248.6699218750,-1.880345581865e-02,min,,
10000000019257.8007812500,1.249763884152e-02,max,,
10000000019348.8984375000,-9.401835699207e-03,min,,
10000000019354.0585937500,7.414267108996e-03,max,,
10000000019354.9414062500,7.389698051939e-03,max,,
10000000019419.7890625000,1.695712398921e-02,max,,
10000000019447.6992187500,-1.456418628776e-02,min,,
10000000019620.4863281250,1.555086262818e-02,max,,
10000000019709.8046875000,-1.214858434459e-02,min,,
10000000019744.3144531250,-2.866750220297e-04,min,5.36921786e-03,0.024009
10000000019752.5585937500,8.054211613086e-03,max,,
10000000019801.0292968750,-3.451301778230e-03,min,,
10000000020068.2500000000,-1.179675209058e-02,min,,
10000000020152.1308593750,-1.261994528357e-02,min,,
10000000020297.1503906250,-1.470409699436e-02,min,,
10000000020326.5820312500,-1.934192889823e-02,min,,
10000000020377.9003906250,1.129893168551e-02,max,,
10000000020377.9609375000,-7.583625945718e-03,min,,
10000000020428.9765625000,-1.485862848179e-02,min,,
10000000020480.4824218750,-1.088792978444e-02,min,,
10000000020482.3671875000,1.016643849289e-02,max,,
10000000020551.3515625000,1.678109818044e-02,max,,
10000000020613.9570312500,6.067684693872e-03,max,,
10000000020643.0156250000,7.027166842123e-03,max,,
10000000020681.6738281250,-1.289253705764e-02,min,,
10000000020705.9316406250,-1.176340350296e-02,min,,
10000000020705.9921875000,1.855928036408e-02,max,,
10000000020728.0195312500,7.472180501765e-03,max,,
10000000020786.1621093750,1.261103226865e-02,max,,
10000000020825.7578125000,-1.947667012389e-03,min,,
10000000020830.6347656250,-3.672893138292e-03,min,,
10000000021057.0097656250,-6.276550110900e-03,min,,
10000000021083.5820312500,1.419626030182e-03,max,7.09985370e-03,0.031748
10000000021172.2109375000,1.439090123051e-02,max,,
10000000021194.3847656250,-4.932972205959e-03,min,,
10000000021258.9238281250,-1.100280358979e-02,min,,
10000000021289.2636718750,8.242532270467e-03,max,,
10000000021321.5175781250,1.774105788582e-02,max,,
10000000021423.7910156250,-1.344012191149e-02,min,,
10000000021489.3906250000,-7.796511629911e-03,min,,
10000000021568.6542968750,-1.194458407182e-03,min,8.84100756e-03,0.039533
10000000021693.0136718750,-1.667701431138e-02,min,,
10000000021876.2519531250,5.855902953144e-03,max,,
10000000021895.1875000000,-7.377242264157e-03,min,,
10000000021989.7695312500,-1.638652750215e-02,min,,
10000000022020.7539062500,1.687611253005e-02,max,,
10000000022110.1406250000,1.408436710207e-02,max,,
10000000022140.7832031250,-1.219099471387e-02,min,,
10000000022219.5351562500,-7.952847057700e-03,min,,
10000000022398.4902343750,-1.088266633247e-02,min,,
10000000022403.0703125000,1.286013207141e-02,max,,
10000000022430.7753906250,1.089479773001e-02,max,,
10000000022580.4707031250,-7.061475337565e-03,min,,
10000000022635.7324218750,1.766129866162e-02,max,,
10000000022637.1347656250,6.100864730606e-03,max,,
10000000022654.7128906250,-5.083437601911e-03,min,,
10000000022660.3964843750,1.123571482888e-02,max,,
10000000022664.8496093750,1.427027473666e-02,max,,
10000000022699.3769531250,8.082264672378e-03,max,,
10000000022747.0136718750,9.168041601897e-03,max,,
10000000022792.7187500000,1.799219772428e-02,max,,
10000000022837.6425781250,-1.829054001435e-02,min,,
10000000022844.3359375000,-1.751228460289e-02,min,,
10000000022898.6718750000,1.601438782498e-02,max,,
10000000022954.1210937500,5.757461713940e-03,max,,
10000000022962.3652343750,-1.414292596078e-02,min,,
10000000023090.1855468750,-1.911939668156e-02,min,,
10000000023100.8066406250,1.006016268010e-02,max,,
10000000023227.0839843750,-1.469092217051e-02,min,,
10000000023232.1347656250,-6.231574437726e-03,min,,
10000000023245.5585937500,-1.941094076935e-03,min,,
10000000023245.5996093750,1.108284827516e-02,max,,
10000000023298.9843750000,3.415466884187e-04,max,3.14324433e-03,0.014055
10000000023579.6855468750,-1.318719387445e-02,min,,
10000000023640.4472656250,-6.255039352236e-03,min,,
10000000023731.5039062500,9.436013262171e-03,max,,
10000000023775.5839843750,-1.199241700716e-02,min,,
10000000023836.9550781250,1.508164199168e-02,max,,
10000000023871.1054687500,1.493008808651e-02,max,,
10000000023879.5234375000,1.870831333030e-02,max,,
10000000023976.3457031250,-1.769239197196e-02,min,,
10000000023988.1562500000,1.918807421177e-02,max,,
10000000024135.1601562500,-3.301866862122e-03,min,8.03779838e-03,0.035942
10000000024285.4804687500,1.870629057894e-02,max,,
10000000024321.1855468750,-1.338080608383e-02,min,,
10000000024324.5000000000,2.758665759207e-03,max,,
10000000024341.0039062500,1.814637443595e-02,max,,
10000000024358.4082031250,-8.545892206440e-03,min,,
10000000024503.4492187500,1.331571867526e-02,max,,
10000000024621.2421875000,-9.678622455281e-03,min,,
10000000024850.6191406250,2.868585424588e-04,max,5.94394825e-03,0.026579
10000000024857.5390625000,-2.152789257863e-03,min,,
10000000024870.5449218750,9.080063787250e-03,max,8.91247559e-03,0.039853
10000000024888.5273437500,1.408599709505e-02,max,8.48316626e-03,0.037933
10000000024995.4355468750,1.882099787873e-02,max,,
10000000025076.5605468750,-6.387195227009e-03,min,,
10000000025101.2578125000,-1.441198437639e-02,min,,
10000000025102.2910156250,2.802826900249e-03,max,,
10000000025156.8496093750,1.394362718451e-02,max,,
10000000025204.8437500000,4.593928831486e-03,max,,
10000000025218.1445312500,1.733267410062e-02,max,,
10000000025228.6523437500,-1.369376128426e-03,min,,
10000000025292.2597656250,-8.473657476817e-03,min,,
10000000025292.3281250000,1.516241137937e-02,max,,
10000000025335.1074218750,1.380141453703e-02,max,,
10000000025492.6855468750,1.950429720137e-03,max,,
10000000025503.2324218750,-1.228772097582e-02,min,,
10000000025546.3476562500,-1.220200532281e-02,min,,
10000000025611.6035156250,-6.775785782733e-03,min,,
10000000025612.7675781250,-1.728973284912e-02,min,,
10000000025699.2597656250,-6.299236858372e-03,min,,
10000000025718.8769531250,-1.666828049414e-02,min,,
10000000025828.4550781250,-1.729907212519e-02,min,,
10000000025885.3144531250,-1.095121909704e-02,min,,
10000000025893.5449218750,1.814805284167e-02,max,,
10000000026061.1406250000,-1.356520792471e-02,min,,
10000000026063.8691406250,-4.928890220469e-03,min,,
10000000026190.6855468750,-2.286457802876e-03,min,,
10000000026306.0507812500,-1.949341121235e-02,min,,
10000000026332.3378906250,7.236144089685e-03,max,,
10000000026342.6523437500,6.304364056713e-04,max,7.49168914e-03,0.033500
10000000026377.1210937500,7.363985467213e-03,max,,
10000000026480.1542968750,-1.974046120012e-02,min,,
10000000026525.6601562500,1.178325083745e-02,max,,
10000000026671.0468750000,-4.959240643998e-03,min,,
10000000026732.2519531250,1.444660995848e-02,max,,
10000000026805.5000000000,-1.801348039854e-02,min,,
10000000026931.2890625000,1.671405720213e-02,max,,
10000000027077.7949218750,-1.525623500691e-02,min,,
10000000027104.3164062500,1.867088039921e-02,max,,
10000000027248.5878906250,-1.941391465933e-02,min,,
10000000027332.6953125000,-1.732741796638e-02,min,,
10000000027361.8574218750,1.575189718102e-02,max,,
10000000027395.3320312500,-1.988703443739e-02,min,,
10000000027424.7011718750,-1.129736283700e-02,min,,
10000000027448.0859375000,-1.720445478423e-02,min,,
10000000027549.4589843750,8.022156872352e-03,max,,
10000000027594.5566406250,8.383019019135e-04,max,7.84579327e-03,0.035083
10000000027630.9746093750,-9.903844547305e-04,min,,
10000000027650.4042968750,1.010466888681e-02,max,,
10000000027730.0351562500,1.646620535474e-02,max,,
10000000027820.6953125000,-7.333630966685e-03,min,,
10000000027927.5371093750,-3.703389547015e-03,min,,
10000000027939.2539062500,-1.825517489797e-02,min,,
10000000028157.9687500000,6.271475171230e-03,max,,
10000000028275.5175781250,-9.970800149239e-03,min,,
10000000028346.3437500000,3.916372424996e-03,max,,
10000000028377.2304687500,7.963296104905e-03,max,,
10000000028383.9550781250,9.717727247205e-03,max,,
10000000028461.0878906250,-8.224215248426e-03,min,,
10000000028512.5976562500,-1.671890347279e-02,min,,
10000000028527.7402343750,-1.380527301306e-02,min,,
10000000028617.8320312500,-1.050124961654e-02,min,,
10000000028654.8417968750,-7.696061933044e-03,min,,
10000000028728.1660156250,-4.038103839713e-04,min,7.36270180e-03,0.032923
10000000028783.2031250000,-9.863813785911e-03,min,,
10000000028838.1953125000,-1.001569640928e-02,min,,
10000000028838.2558593750,1.193082782699e-02,max,,
10000000028853.6464843750,1.426720213588e-02,max,,
10000000028911.9003906250,-1.676704670730e-02,min,,
10000000028985.5253906250,1.813006273034e-02,max,,
10000000029090.8476562500,-1.657642153585e-02,min,,
10000000029137.8300781250,-1.495828293920e-02,min,,
10000000029255.8476562500,-1.971753160599e-02,min,,
10000000029300.8652343750,6.639138016926e-04,max,4.59733723e-03,0.020557
10000000029345.1210937500,6.352616520632e-03,max,,
10000000029370.9726562500,1.023155230816e-02,max,,
10000000029392.8105468750,1.483020929076e-02,max,,
10000000029489.9726562500,8.109393491026e-03,max,,
10000000029541.1503906250,5.369878773442e-03,max,,
10000000029606.6191406250,-4.132219178560e-03,min,,
10000000029723.8261718750,-4.494369116358e-03,min,,
10000000029735.3808593750,-1.563437245279e-02,min,,
10000000029986.1210937500,1.646737611123e-02,max,,
10000000030021.4296875000,1.333947807605e-02,max,,
10000000030141.9394531250,-7.610401428420e-03,min,,
10000000030151.8574218750,-7.640811605677e-03,min,,
10000000030180.6074218750,1.877452205140e-03,max,,
10000000030186.9218750000,7.482378290163e-03,max,,
10000000030281.7421875000,7.404341343321e-03,max,,
10000000030324.1152343750,-5.104827469226e-03,min,,
10000000030340.1601562500,-1.767538416977e-02,min,,
10000000030359.5273437500,1.828526807721e-02,max,,
10000000030386.7031250000,-2.685557737933e-03,min,,
10000000030406.6777343750,-1.204500414433e-02,min,,
10000000030450.3398437500,9.128507441515e-03,max,,
10000000030523.4921875000,-1.613820901518e-02,min,,
10000000030558.0488281250,-1.575717234020e-02,min,,
10000000030559.2812500000,-4.249656747858e-03,min,,
10000000030714.5156250000,-1.034280285017e-02,min,,
10000000030809.4453125000,-1.123935734280e-02,min,,
10000000030968.7558593750,1.349984804080e-02,max,,
10000000030992.0664062500,1.668478252811e-02,max,,
10000000031001.5957031250,-1.274563863090e-02,min,,
10000000031031.4550781250,1.314321429818e-02,max,,
10000000031158.7500000000,4.999499789988e-04,max,7.04931000e-03,0.031522
10000000031175.1367187500,1.135542350880e-02,max,,
10000000031275.7773437500,-1.200597453272e-02,min,,
10000000031300.7656250000,1.040317431983e-02,max,,
10000000031310.0468750000,1.099731750409e-02,max,,
10000000031382.1191406250,1.066535450334e-02,max,,
10000000031410.7128906250,1.573864415907e-02,max,,
10000000031410.7890625000,-7.440158425310e-03,min,,
10000000031457.3417968750,-6.337443239548e-03,min,,
10000000031519.3515625000,1.365727060236e-02,max,,
10000000031634.7753906250,1.297737228234e-02,max,,
10000000031852.3085937500,-1.847600324966e-02,min,,
10000000031901.5820312500,-1.773805377824e-02,min,,
10000000032078.6269531250,-1.322915467964e-02,min,,
10000000032099.1640625000,-7.060182001730e-03,min,,
10000000032109.4101562500,-1.873588025523e-02,min,,
10000000032127.4785156250,-1.811748481692e-02,min,,
10000000032136.0937500000,1.810646946694e-02,max,,
10000000032179.8847656250,1.647652878429e-02,max,,
10000000032182.9726562500,1.256874467968e-02,max,,
10000000032280.0175781250,-1.088649529257e-02,min,,
10000000032428.2695312500,1.542135179744e-02,max,,
10000000032525.4960937500,-2.718001524092e-03,min,,
10000000032527.9218750000,1.276633989420e-02,max,,
10000000032596.9570312500,-1.408530944353e-02,min,,
10000000032841.5449218750,5.780629378968e-03,max,,
10000000032850.8417968750,1.687105622682e-02,max,,
10000000032909.2207031250,-1.881408623056e-02,min,,
10000000032915.1855468750,7.762450494343e-03,max,,
10000000032941.7128906250,1.214398787979e-02,max,,
10000000032948.3789062500,6.672189778752e-03,max,,
10000000033023.2714843750,-7.991906206666e-03,min,,
10000000033041.2636718750,-1.770815772756e-02,min,,
10000000033045.0332031250,9.254645549355e-03,max,,
10000000033181.9804687500,-1.831949032292e-02,min,,
10000000033248.1347656250,9.235314707119e-03,max,,
10000000033324.0371093750,1.599335618504e-02,max,,
10000000033345.4628906250,1.760804249969e-02,max,,
10000000033380.2031250000,-1.358890539238e-02,min,,
10000000033471.3046875000,-7.973598541335e-03,min,,
10000000033566.2285156250,-9.630706719060e-03,min,,
10000000033588.4980468750,1.720059641872e-02,max,,
10000000033676.5136718750,1.213565278583e-02,max,,
10000000033703.9882812500,1.822304064416e-02,max,,
10000000033820.0312500000,7.910289161335e-03,max,,
10000000033916.4472656250,-1.624797144807e-02,min,,
10000000034014.1855468750,1.735447129467e-02,max,,
10000000034058.3789062500,-1.311656643945e-02,min,,
10000000034110.8457031250,1.706110710588e-02,max,,
10000000034167.3652343750,-9.354122088362e-03,min,,
10000000034213.9023437500,-8.620503915346e-03,min,,
10000000034213.9785156250,1.954221451224e-02,max,,
10000000034276.0351562500,-1.808028594596e-02,min,,
10000000034388.3183593750,-1.502495105586e-02,min,,
10000000034493.8828125000,-1.491801305761e-02,min,,
10000000034666.3085937500,1.667754579203e-02,max,,
10000000034727.1972656250,1.010804269024e-02,max,,
10000000034803.3359375000,-1.382090200907e-02,min,,
10000000034813.8984375000,1.054532182478e-02,max,,
10000000034872.7343750000,-4.593312880294e-03,min,,
10000000034892.4804687500,-1.747645132952e-02,min,,
10000000035014.2988281250,4.046965649281e-03,max,1.00180287e-02,0.044796
10000000035077.2851562500,1.672398411672e-02,max,,
10000000035083.0019531250,-1.319430724392e-02,min,,
10000000035099.6972656250,1.893087853830e-02,max,,
10000000035101.4707031250,7.846080252185e-03,max,,
10000000035141.4433593750,-6.781120195034e-03,min,1.11280166e-02,0.049760
10000000035146.4335937500,-7.622428830363e-03,min,,
10000000035175.9609375000,-9.777967608720e-03,min,,
10000000035215.3671875000,-1.688617381450e-02,min,,
10000000035350.0214843750,-7.772307103070e-03,min,,
10000000035454.4531250000,4.497649248849e-03,max,,
10000000035454.5136718750,-1.251437105804e-02,min,,
10000000035490.0996093750,5.473967290923e-03,max,,
10000000035500.6582031250,-5.756198422066e-03,min,,
10000000035614.8300781250,-1.000292000303e-02,min,,
10000000035653.9589843750,1.751289884248e-02,max,,
10000000035741.0488281250,-1.440130002857e-02,min,,
10000000035751.0371093750,1.051614488737e-02,max,,
10000000035824.8808593750,1.984688863415e-02,max,,
10000000035879.7050781250,1.363018284295e-02,max,,
10000000035945.0468750000,4.441832569339e-03,max,,
10000000036119.1621093750,-6.147583494179e-03,min,,
10000000036466.6015625000,6.992691688163e-03,max,,
10000000036507.0566406250,-1.584217749534e-02,min,,
10000000036532.4960937500,-1.052504801017e-02,min,,
10000000036586.9257812500,1.865107415801e-02,max,,
10000000036694.9707031250,-1.448293401156e-02,min,,
10000000036745.3847656250,-2.852728638414e-03,min,6.75094944e-03,0.030187
10000000036751.0976562500,1.986068720310e-02,max,,
10000000036758.0410156250,-1.798084112306e-02,min,,
10000000036839.4335937500,-1.300658215026e-02,min,,
10000000036872.9746093750,-1.741252749824e-02,min,,
10000000036875.1484375000,-4.000508331758e-03,min,,
10000000036930.2109375000,-1.670747312487e-02,min,,
10000000036969.2402343750,1.729923545598e-02,max,,
10000000037004.1894531250,9.197260571932e-03,max,,
10000000037004.2402343750,-2.708001189621e-03,min,,
10000000037014.1914062500,-1.489903133774e-02,min,,
10000000037058.8496093750,3.779071391702e-03,max,,
10000000037077.9414062500,1.442583303582e-02,max,,
10000000037081.8320312500,-9.503904624479e-03,min,,
10000000037085.7714843750,-1.881002866071e-02,min,,
10000000037152.2968750000,1.117855828665e-02,max,,
10000000037163.2011718750,1.265482442323e-02,max,,
10000000037214.4257812500,9.665512786960e-03,max,,
10000000037250.1113281250,1.015565759153e-02,max,,
10000000037265.7265625000,-9.865841869271e-03,min,,
10000000037359.6152343750,1.577256062083e-02,max,,
10000000037378.2480468750,-3.910846080900e-03,min,,
10000000037392.4023437500,1.370898872188e-02,max,,
10000000037404.7851562500,-1.710353956933e-02,min,,
10000000037409.8710937500,-7.881631641831e-04,min,1.07163989e-02,0.047919
10000000037410.3203125000,8.277389869201e-03,max,,
10000000037455.7304687500,1.257879899835e-02,max,,
10000000037637.4824218750,1.469798425121e-02,max,,
10000000037758.2714843750,1.312431289836e-02,max,,
10000000037782.5839843750,-9.737127340337e-03,min,,
10000000037867.8183593750,1.178472458239e-02,max,,
10000000037965.4492187500,1.733002975262e-02,max,,
10000000037988.3027343750,1.876682683017e-02,max,,
10000000038010.7910156250,-6.155223331549e-03,min,,
10000000038018.7734375000,-6.683987691495e-03,min,,
10000000038019.9472656250,1.405901799926e-02,max,,
10000000038031.1542968750,1.797070742088e-02,max,,
10000000038066.1230468750,1.664471105183e-02,max,,
10000000038083.3691406250,-1.983635963544e-02,min,,
10000000038273.5175781250,5.891166920116e-03,max,,
10000000038279.7714843750,1.729802774881e-02,max,,
10000000038330.3046875000,1.365529582866e-02,max,,
10000000038339.2558593750,1.721011508222e-02,max,,
10000000038445.5722656250,-9.083102668587e-03,min,,
10000000038456.2675781250,-1.885570754683e-02,min,,
10000000038518.8437500000,-1.217897261651e-02,min,,
10000000038560.9121093750,-1.665051016259e-02,min,,
10000000038656.5859375000,-7.529798635966e-03,min,,
10000000038725.9042968750,-3.062491911065e-03,min,,
10000000038744.8300781250,1.656776048242e-02,max,,
10000000038772.8945312500,-1.591920600045e-02,min,,
10000000038783.3046875000,1.046976637881e-02,max,,
10000000038801.1953125000,1.440676617179e-02,max,,
10000000038843.3339843750,1.777501484838e-02,max,,
10000000038879.7480468750,-1.315125921765e-04,min,4.06942204e-03,0.018197
10000000038953.4375000000,1.971254312562e-02,max,,
10000000038955.5625000000,1.083886337136e-02,max,,
10000000038979.5332031250,-1.381578793477e-02,min,,
10000000039006.6445312500,1.698656028446e-02,max,,
10000000039137.2343750000,1.396603697825e-03,max,9.16667025e-03,0.040989
10000000039267.9355468750,5.045497448187e-03,max,,
10000000039280.4492187500,1.812984570656e-02,max,,
10000000039303.8222656250,-1.575319237680e-02,min,,
10000000039342.1875000000,1.929294863965e-02,max,,
10000000039355.6113281250,-1.123917470287e-02,min,,
10000000039441.1015625000,-8.572762807095e-03,min,,
10000000039469.8769531250,-1.774627599472e-02,min,,
10000000039545.4648437500,9.423894308154e-03,max,,
10000000039611.7421875000,-1.652285469661e-02,min,,
10000000039611.8066406250,9.988489180050e-03,max,,
10000000039812.8222656250,-8.742817090284e-03,min,,
10000000039822.8691406250,4.580691060384e-03,max,,
10000000039880.9570312500,8.896906310217e-03,max,,
10000000039966.9335937500,1.470641515093e-02,max,,
10000000039975.8164062500,1.663900309411e-02,max,,
10000000039983.5566406250,1.547919281956e-02,max,,
10000000040030.9277343750,1.569074449384e-02,max,,
10000000040041.7714843750,-1.735506310725e-02,min,,
10000000040060.0332031250,-6.786791952988e-03,min,,
10000000040075.8574218750,-7.387982366637e-03,min,,
10000000040080.4804687500,8.478873522623e-03,max,,
10000000040157.9765625000,1.696065384144e-02,max,,
10000000040248.6328125000,8.100558323513e-04,max,8.21645223e-03,0.036740
10000000040287.1796875000,1.909626558178e-02,max,,
10000000040428.6835937500,-1.636810282092e-02,min,,
10000000040514.3515625000,1.927634775175e-02,max,,
10000000040548.9902343750,-1.505692211585e-02,min,,
10000000040594.5000000000,1.921516977331e-02,max,,
10000000040613.8632812500,-1.258876925250e-02,min,,
10000000040630.8339843750,-1.818081349322e-02,min,,
10000000040669.4531250000,1.854977079875e-02,max,,
10000000040704.4316406250,1.394737358856e-02,max,,
10000000040881.3339843750,-7.352163304901e-03,min,,
10000000040893.9882812500,4.299995197944e-03,max,,
10000000040921.1132812500,-5.743735681525e-03,min,,
10000000041064.7812500000,-2.436395853420e-03,min,,
10000000041181.8906250000,-9.321215805367e-03,min,,
10000000041201.7539062500,1.301119244290e-02,max,,
10000000041228.9414062500,-3.505755628340e-03,min,,
10000000041230.4160156250,1.698845002842e-02,max,,
10000000041363.1660156250,-1.270092924629e-03,min,6.74991193e-03,0.030183
10000000041382.5410156250,4.217323641553e-03,max,1.01119599e-02,0.045216
10000000041491.9824218750,-8.334353239929e-03,min,,
10000000041544.3046875000,-3.551551917951e-03,min,,
10000000041563.5039062500,-1.803712427377e-03,min,,
10000000041617.8750000000,1.926876800260e-02,max,,
10000000041655.2421875000,9.707673012632e-03,max,,
10000000041701.7070312500,1.339212633905e-02,max,,
10000000041704.9824218750,4.172248077679e-03,max,,
10000000041708.8613281250,-1.645144462491e-02,min,,
10000000041742.9785156250,-1.577607094419e-02,min,,
10000000041746.0839843750,-2.041926549221e-03,min,1.07146911e-02,0.047912
10000000041870.5195312500,5.982900112554e-03,max,,
10000000041887.5253906250,-1.722620750004e-02,min,,
10000000041953.6738281250,1.401587650307e-02,max,,
10000000042169.5195312500,-9.140163919052e-03,min,,
10000000042244.1718750000,-4.964020365785e-03,min,,
10000000042270.3847656250,1.958416455323e-02,max,,
10000000042369.7031250000,1.886508880486e-03,max,,
10000000042407.9453125000,-1.055543043604e-02,min,,
10000000042751.6914062500,1.662349298283e-02,max,,
10000000042770.9863281250,-1.865186947108e-02,min,,
10000000042797.3476562500,-1.749399704425e-02,min,,
10000000042951.7441406250,-1.560005083374e-02,min,,
10000000043009.4687500000,-1.064669498658e-02,min,,
10000000043313.3339843750,1.861498557756e-02,max,,
10000000043468.6757812500,-1.789098501027e-02,min,,
10000000043477.9453125000,1.398321128854e-02,max,,
10000000043587.1796875000,1.968165379921e-02,max,,
10000000043723.0449218750,2.532075032124e-03,max,,
10000000043729.8457031250,8.821435979554e-03,max,,
10000000043878.6230468750,-3.606591635868e-03,min,,
10000000043965.2792968750,-4.016492364937e-03,min,,
10000000044078.0546875000,-6.415199951483e-03,min,,
10000000044092.1894531250,-7.554683724606e-03,min,,
10000000044136.9394531250,-1.351453422598e-02,min,,
10000000044237.6660156250,-1.142351508631e-02,min,,
10000000044301.5292968750,-2.300843669175e-03,min,,
10000000044309.5859375000,-1.657345888777e-02,min,,
10000000044427.7207031250,-6.092041212536e-03,min,,
10000000044446.0332031250,-1.115388654795e-02,min,,
10000000044577.8339843750,1.121261649449e-02,max,,
10000000044582.6679687500,1.110418726227e-02,max,,
10000000044594.0820312500,-4.076531179057e-03,min,,
10000000044611.2851562500,1.718207049063e-02,max,,
10000000044692.2265625000,1.998418179796e-02,max,,
10000000044730.5410156250,-1.026438435642e-02,min,,
10000000044828.0644531250,-1.026196126282e-02,min,,
10000000044970.6679687500,1.334647240521e-02,max,,
10000000045078.6074218750,-1.271713126672e-02,min,,
10000000045114.3710937500,-1.143729322928e-02,min,,
10000000045163.4238281250,-6.995609176167e-03,min,,
10000000045289.4648437500,1.876729012222e-02,max,,
10000000045291.4003906250,-1.964710770803e-02,min,,
10000000045336.4277343750,7.231058679893e-03,max,,
10000000045464.1992187500,1.467013600464e-02,max,,
10000000045796.3535156250,-5.748191074222e-03,min,,
10000000045834.5742187500,1.145857753424e-02,max,,
10000000045944.2578125000,1.091527218439e-02,max,,
10000000045976.8691406250,1.846669601842e-02,max,,
10000000046057.8046875000,1.957877382954e-02,max,,
10000000046085.5625000000,1.221294186101e-02,max,,
10000000046206.5214843750,-3.897917234958e-03,min,,
10000000046458.1855468750,7.641215129377e-04,max,8.79311381e-03,0.039319
10000000046475.6386718750,1.688927084691e-02,max,,
10000000046486.1875000000,-8.481170320752e-03,min,,
10000000046502.8300781250,1.077817754991e-02,max,,
10000000046657.8417968750,-9.885778762663e-03,min,,
10000000046669.4492187500,-1.899393397868e-02,min,,
10000000046777.0351562500,8.438888342783e-03,max,,
10000000046806.6933593750,-9.788751855110e-03,min,,
10000000046828.7910156250,-1.278053257845e-02,min,,
10000000046877.2128906250,1.706587793879e-02,max,,
10000000046926.7031250000,-2.646368510071e-03,min,,
10000000047103.1230468750,1.251097109175e-02,max,,
10000000047291.4746093750,1.748677479819e-02,max,,
10000000047329.2441406250,-1.393725108045e-02,min,,
10000000047338.2500000000,-1.877978674638e-02,min,,
10000000047497.9101562500,-1.890895333763e-02,min,,
10000000047510.3652343750,-8.147184972568e-04,min,1.00061226e-02,0.044743
10000000047521.6796875000,1.660630608076e-02,max,,
10000000047600.2871093750,-1.256800666647e-02,min,,
10000000047651.9863281250,1.444008169964e-02,max,,
10000000047691.3085937500,6.402724602682e-03,max,,
10000000047720.8828125000,-1.985434699662e-02,min,,
10000000047991.5449218750,-1.457955532146e-02,min,,
10000000048005.8300781250,2.292896340849e-03,max,5.50099390e-03,0.024598
10000000048059.4082031250,9.901662824799e-03,max,,
10000000048072.2128906250,6.624030156379e-03,max,,
10000000048165.9648437500,-8.150491890147e-03,min,,
10000000048298.6933593750,1.772892889346e-02,max,,
10000000048317.4824218750,9.412280757405e-03,max,,
10000000048406.5605468750,1.915252608164e-02,max,,
10000000048454.2246093750,1.898687185213e-02,max,,
10000000048460.1562500000,1.767465959807e-02,max,,
10000000048489.3847656250,-5.835419410439e-03,min,,
10000000048780.2480468750,4.349773874452e-03,max,,
10000000048854.5937500000,9.335775579291e-03,max,,
10000000048886.5976562500,-3.275606502690e-03,min,,
10000000048915.4765625000,1.909874742343e-02,max,,
10000000048923.9296875000,1.671722884945e-02,max,,
10000000048934.4746093750,-1.720713648976e-02,min,,
10000000048955.3964843750,-1.041605160449e-02,min,,
10000000049009.2324218750,1.725435128663e-02,max,,
10000000049079.0957031250,1.684368751653e-02,max,,
10000000049086.9414062500,-1.392995250206e-02,min,,
10000000049180.1347656250,1.377342215872e-02,max,,
10000000049230.7656250000,7.709057162301e-03,max,,
10000000049461.6796875000,-9.200368524312e-03,min,,
10000000049512.7480468750,-1.385106072744e-02,min,,
10000000049586.9453125000,-4.585866638120e-03,min,,
10000000049621.6835937500,1.676728544488e-02,max,,
10000000049667.7128906250,1.756202934350e-02,max,,
10000000049675.9257812500,1.848849254992e-02,max,,
10000000049693.6425781250,1.427505162762e-02,max,,
10000000049751.5488281250,-1.131532686346e-02,min,,
10000000049893.2109375000,1.751400888071e-02,max,,
10000000049967.1542968750,-1.113598177378e-02,min,,
10000000049991.8691406250,-1.725623487285e-02,min,,
10000000050077.3046875000,-1.999722191624e-02,min,,
10000000050113.2773437500,1.773214524485e-02,max,,
10000000050167.9882812500,-6.729603276955e-03,min,,
10000000050238.5175781250,1.577512319041e-02,max,,
10000000050358.3808593750,5.194906977440e-03,max,,
10000000050383.4921875000,-8.159452177253e-03,min,,
10000000050427.1679687500,1.107355833536e-02,max,,
10000000050485.3007812500,5.397907787668e-03,max,,
10000000050709.6152343750,-1.891286494032e-02,min,,
10000000050794.2304687500,-1.121977698150e-02,min,,
10000000050828.5976562500,-1.038712693192e-02,min,,
10000000050935.6816406250,-1.512330908858e-02,min,,
10000000050988.1972656250,1.630950222561e-02,max,,
10000000051027.4433593750,7.852038299256e-03,max,,
10000000051061.7792968750,-2.520526913635e-03,min,,
10000000051066.3281250000,5.383308282296e-03,max,,
10000000051119.6699218750,1.044837172524e-02,max,,
10000000051126.5546875000,-1.137821167107e-02,min,,
10000000051172.4765625000,-1.504116304621e-02,min,,
10000000051210.2812500000,-4.628142842603e-03,min,,
10000000051365.5742187500,1.502026388612e-02,max,,
10000000051372.5058593750,-1.456927329872e-02,min,,
10000000051456.1523437500,-1.982701521543e-02,min,,
10000000051507.4414062500,1.480772950991e-02,max,,
10000000051553.7734375000,-8.690885420681e-03,min,,
10000000051737.8222656250,-1.075325336303e-02,min,,
10000000051771.8554687500,1.471792853000e-02,max,,
10000000051898.4355468750,-1.719888412540e-02,min,,
10000000051971.3437500000,-1.747442039208e-02,min,,
10000000051995.6738281250,6.972762182304e-03,max,,
10000000052027.3320312500,-1.820624089688e-02,min,,
10000000052053.5703125000,1.520752140466e-02,max,,
10000000052067.1425781250,-1.974312276199e-02,min,,
10000000052130.6875000000,-1.788943183420e-02,min,,
10000000052222.9863281250,1.368574115869e-02,max,,
10000000052360.8281250000,1.090545557883e-02,max,,
10000000052441.6835937500,1.877058434712e-02,max,,
10000000052503.0937500000,1.994815130656e-02,max,,
10000000052783.3554687500,-1.017561314882e-02,min,,
10000000052822.0898437500,5.163423683620e-03,max,,
10000000052822.5527343750,-1.294331056928e-02,min,,
10000000052898.7324218750,1.647646708302e-02,max,,
10000000052921.9042968750,-1.529700393692e-02,min,,
10000000052995.1816406250,-4.365118658543e-03,min,,
10000000053036.3496093750,-5.089314003833e-03,min,9.54053215e-03,0.042661
10000000053158.4609375000,-1.010537025525e-02,min,,
10000000053213.0683593750,-1.368107156333e-02,min,,
10000000053367.3320312500,-9.996857322281e-03,min,,
10000000053457.3457031250,1.350998612054e-03,max,1.11344156e-02,0.049788
10000000053663.2636718750,1.120592900801e-02,max,,
10000000053693.8613281250,-5.072698289268e-03,min,,
10000000053756.0546875000,-4.076735825526e-03,min,,
10000000053864.5703125000,4.231618812273e-03,max,,
10000000053916.5410156250,-1.977613590160e-02,min,,
10000000053920.0898437500,1.916316809971e-02,max,,
10000000053947.8203125000,-1.702649258158e-03,min,6.16457216e-03,0.027565
10000000053962.3183593750,-1.781031704142e-02,min,,
10000000053991.4238281250,1.723571989685e-02,max,,
10000000054248.4882812500,-1.686026310993e-02,min,,
10000000054253.5957031250,1.642334302903e-02,max,,
10000000054397.2500000000,1.419191696035e-02,max,,
10000000054426.2695312500,1.461058753583e-02,max,,
10000000054532.9648437500,-1.107549924340e-02,min,,
10000000054607.8085937500,1.218170904936e-02,max,,
10000000054670.0175781250,1.517623506906e-02,max,,
10000000054699.0917968750,8.522044696345e-03,max,,
10000000054841.1992187500,-1.331727997343e-02,min,,
10000000055197.3046875000,1.118296152326e-02,max,,
10000000055282.4199218750,1.167626576379e-02,max,,
10000000055305.7148437500,3.738348474342e-03,max,,
10000000055306.5761718750,-8.584653375695e-03,min,,
10000000055341.5507812500,-1.629530376278e-02,min,,
10000000055407.9746093750,1.602811878250e-02,max,,
10000000055447.8886718750,1.696411086457e-02,max,,
10000000055699.4101562500,-1.863293835745e-02,min,,
10000000055767.6542968750,1.499157361903e-02,max,,
10000000055785.9804687500,5.259130089628e-03,max,,
10000000055797.0898437500,1.622559062427e-02,max,,
10000000055837.8222656250,1.900322899382e-02,max,,
10000000055976.6777343750,-6.842481179515e-03,min,,
10000000056220.1054687500,-7.647868480083e-03,min,,
10000000056282.0429687500,1.614835892453e-02,max,,
10000000056313.0371093750,-3.141481467847e-03,min,,
10000000056317.4101562500,9.913474533730e-03,max,,
10000000056367.6933593750,-6.219762886146e-03,min,,
10000000056402.7617187500,1.988369631431e-02,max,,
10000000056448.9824218750,-1.516346284201e-02,min,,
10000000056495.0800781250,-1.417208064170e-02,min,,
10000000056510.1464843750,1.478700604043e-02,max,,
10000000056664.2578125000,-5.522262106764e-03,min,,
10000000056774.6464843750,-1.708153988445e-02,min,,
10000000056902.2460937500,1.378248060379e-02,max,,
10000000056936.2578125000,-1.311756842990e-02,min,,
10000000056936.3183593750,1.249954145059e-02,max,,
10000000056976.9863281250,1.658258392197e-02,max,,
10000000056980.5390625000,-1.447508891813e-02,min,,
10000000056991.9003906250,9.718020214410e-03,max,,
10000000057090.7695312500,-1.502905995578e-02,min,,
10000000057112.3710937500,-6.043467122847e-03,min,,
10000000057180.6445312500,1.137740309329e-02,max,,
10000000057284.1523437500,-1.278236689800e-02,min,,
10000000057393.2285156250,-1.009590307640e-02,min,,
10000000057519.1621093750,1.658988049951e-02,max,,
10000000057524.0625000000,1.242876356297e-03,max,8.65105956e-03,0.038684
10000000057617.4648437500,4.457005887100e-03,max,,
10000000057661.3984375000,1.397394036434e-02,max,,
10000000057701.5917968750,1.333248338447e-02,max,,
10000000057725.7851562500,6.766791296256e-03,max,,
10000000057854.0996093750,6.166588206457e-03,max,,
10000000057901.1269531250,1.374478924040e-02,max,,
10000000057958.8652343750,1.286991340467e-02,max,,
10000000058124.2148437500,-1.077457723712e-02,min,,
10000000058180.1582031250,1.583932371903e-03,max,7.07498075e-03,0.031636
10000000058197.4433593750,-1.311037001575e-02,min,,
10000000058269.6523437500,1.459918320304e-02,max,,
10000000058278.4335937500,-1.026447868858e-02,min,,
10000000058395.3515625000,1.910261617732e-03,max,,
10000000058468.5214843750,-4.574396585420e-03,min,,
10000000058495.0253906250,-1.217791575525e-02,min,,
10000000058495.0722656250,1.354309866190e-02,max,,
10000000058553.1250000000,-4.221960642757e-03,min,,
10000000058576.9589843750,4.115399504849e-03,max,,
10000000058577.5546875000,-9.437481432162e-03,min,,
10000000058605.5429687500,1.350156010164e-03,max,,
10000000058686.3183593750,-1.948569301008e-02,min,,
10000000058705.6152343750,9.426032691661e-03,max,,
10000000058715.4355468750,8.801315181203e-03,max,,
10000000058741.2343750000,4.939332580668e-03,max,,
10000000058741.3027343750,-1.583135561936e-02,min,,
10000000058834.6601562500,-1.692733220279e-02,min,,
10000000058870.2578125000,1.534841779739e-02,max,,
10000000059005.8632812500,6.017461998283e-03,max,,
10000000059006.4335937500,-1.022177056855e-03,min,,
10000000059011.8769531250,-1.419669116707e-02,min,,
10000000059050.3984375000,-1.186570853629e-02,min,,
10000000059069.7812500000,8.097029598383e-03,max,,
10000000059114.8964843750,9.682108683267e-03,max,,
10000000059143.4804687500,1.458351256080e-02,max,,
10000000059537.8945312500,-1.740184276640e-03,min,,
10000000059693.2792968750,1.908337123609e-02,max,,
10000000059712.0820312500,1.186129376643e-02,max,,
10000000059899.9941406250,1.351455473973e-02,max,,
10000000059909.8632812500,1.305528953007e-02,max,,
10000000060010.4121093750,1.660167240872e-02,max,,
10000000060084.0175781250,-1.879730829094e-02,min,,
10000000060120.2285156250,-8.973129319748e-03,min,,
10000000060146.1367187500,-1.205458833536e-02,min,,
10000000060209.2187500000,-1.878182511176e-02,min,,
10000000060305.9316406250,-1.617564914989e-02,min,,
10000000060316.3398437500,1.839105637410e-02,max,,
10000000060348.3613281250,-1.090101694810e-02,min,,
10000000060373.2265625000,1.501964692474e-02,max,,
10000000060384.7519531250,1.528678134932e-02,max,,
10000000060544.6816406250,-8.213170658783e-03,min,,
10000000060602.1445312500,1.893495466176e-02,max,,
10000000060723.4277343750,8.761455812581e-03,max,,
10000000060772.4394531250,-1.132357157648e-02,min,,
10000000060772.4980468750,1.114877861477e-02,max,,
10000000060781.4355468750,1.154462384294e-02,max,,
10000000060830.8027343750,-6.826617723015e-03,min,,
10000000061088.8613281250,-1.008577204434e-02,min,,
10000000061146.2792968750,-1.340124803382e-02,min,,
10000000061207.9726562500,-4.219081043996e-03,min,,
10000000061217.1757812500,1.997124517179e-02,max,,
10000000061343.0957031250,-9.216723618730e-03,min,,
10000000061372.5585937500,-3.427369547740e-03,min,,
10000000061396.7187500000,-7.604583815112e-03,min,,
10000000061540.8710937500,1.848995555333e-02,max,,
10000000061579.2910156250,-1.990795114405e-02,min,,
10000000061634.7773437500,-5.996037686198e-03,min,,
10000000061670.7460937500,1.609886553864e-02,max,,
10000000061776.5468750000,4.196076693045e-03,max,1.09443043e-02,0.048938
10000000061786.3789062500,-1.233919851239e-02,min,,
10000000061833.6035156250,-1.263296357449e-02,min,,
10000000061849.7265625000,-1.591226195498e-02,min,,
10000000061861.9277343750,1.248495879001e-02,max,,
10000000062013.8437500000,1.112824601310e-02,max,,
10000000062024.7304687500,-1.928304892053e-02,min,,
10000000062040.5781250000,1.452209905704e-02,max,,
10000000062106.4062500000,-1.716340031628e-02,min,,
10000000062176.2812500000,-8.216325298965e-03,min,,
10000000062192.0585937500,-3.911810688373e-03,min,,
10000000062232.0566406250,9.809610854961e-03,max,,
10000000062294.4589843750,-7.494595381426e-03,min,,
10000000062295.0878906250,1.047124704202e-02,max,,
10000000062312.5742187500,1.715304088069e-02,max,,
10000000062317.9082031250,1.357459268608e-02,max,,
10000000062467.1855468750,5.995751959143e-03,max,,
10000000062493.3417968750,1.513343902799e-02,max,,
10000000062587.4101562500,1.957433678189e-02,max,,
10000000062605.0410156250,1.782210299944e-02,max,,
10000000062631.7988281250,1.325885135876e-02,max,,
10000000062637.7675781250,1.322523798994e-02,max,,
10000000062750.8398437500,1.555200110172e-02,max,,
10000000062766.4746093750,5.297721630265e-03,max,,
10000000062797.9687500000,-1.547032954337e-02,min,,
10000000062900.5527343750,1.725893989534e-02,max,,
10000000063086.0585937500,-1.134578690995e-02,min,,
10000000063192.9179687500,-5.884992034236e-03,min,,
10000000063234.4296875000,1.389490506409e-02,max,,
10000000063328.5722656250,-1.377193021234e-02,min,,
10000000063329.6640625000,1.511365431604e-02,max,,
10000000063356.1386718750,8.889776764980e-03,max,,
10000000063363.1738281250,-8.709322635326e-03,min,,
10000000063363.2246093750,4.943513895848e-03,max,,
10000000063461.5859375000,3.405522831159e-03,max,,
10000000063617.1875000000,1.127834130395e-02,max,,
10000000063644.8046875000,-1.668874491126e-02,min,,
10000000063645.3183593750,4.208066041262e-03,max,,
10000000063648.9824218750,1.332536951112e-02,max,,
10000000063726.5644531250,-1.097028990807e-02,min,,
10000000063729.0390625000,1.991044636557e-02,max,,
10000000063823.9707031250,1.019688427415e-03,max,4.78927264e-03,0.021416
10000000063854.1015625000,-1.326240041592e-02,min,,
10000000063871.0605468750,-1.229749701948e-02,min,,
10000000063891.1250000000,-1.323699114758e-02,min,,
10000000063899.8750000000,1.410274487066e-02,max,,
10000000063953.5058593750,1.941015168560e-02,max,,
10000000063988.3164062500,1.085082041995e-02,max,,
10000000064222.6503906250,-1.302883031425e-02,min,,
10000000064227.7675781250,1.799237589284e-02,max,,
10000000064245.4042968750,-9.440795525106e-03,min,,
10000000064296.6875000000,1.327095846492e-02,max,,
10000000064299.9042968750,1.837248764680e-02,max,,
10000000064299.9511718750,-3.849149564256e-03,min,,
10000000064336.2187500000,-9.501477542414e-03,min,,
10000000064515.2460937500,1.654340247840e-02,max,,
10000000064789.0546875000,1.425927141967e-02,max,,
10000000064878.5488281250,1.520898666441e-02,max,,
10000000064936.0039062500,-1.594956326920e-02,min,,
10000000064949.4960937500,1.288836850468e-02,max,,
10000000065022.1308593750,1.077274441053e-02,max,,
10000000065062.4042968750,-1.634644002778e-02,min,,
10000000065150.9882812500,-1.842080542852e-02,min,,
10000000065233.5683593750,1.984863972652e-02,max,,
10000000065239.8437500000,-6.585047838498e-03,min,,
10000000065440.9003906250,-1.643010386868e-02,min,,
10000000065475.1445312500,1.883543498858e-02,max,,
10000000065502.0976562500,7.831104366068e-03,max,,
10000000065578.4140625000,1.636272189776e-02,max,,
10000000065669.0371093750,-1.602166432325e-02,min,,
10000000065708.3125000000,6.901009105369e-03,max,9.80004018e-03,0.043822
10000000065714.2343750000,-1.960358457116e-02,min,,
10000000065796.3886718750,-1.957406757989e-02,min,,
10000000065847.3847656250,1.750394101213e-03,max,,
10000000065847.4609375000,-1.986833796459e-02,min,,
10000000065857.2578125000,1.196592140774e-02,max,,
10000000065867.1484375000,-2.297564285371e-03,min,,
10000000065921.1621093750,1.947589111272e-02,max,,
10000000066011.4082031250,6.594836495555e-03,max,,
10000000066031.2500000000,-1.698072720535e-02,min,,
10000000066202.3457031250,1.895415611820e-02,max,,
10000000066213.0234375000,1.630789037934e-02,max,,
10000000066291.0078125000,1.822749568033e-02,max,,
10000000066393.7675781250,1.567045646788e-02,max,,
10000000066493.3300781250,-3.049826817053e-03,min,,
10000000066510.7695312500,-1.519515777526e-02,min,,
10000000066616.9140625000,1.766810898450e-02,max,,
10000000066739.2148437500,-1.584281931003e-02,min,,
10000000066778.9218750000,1.434076017953e-02,max,,
10000000066841.0800781250,-8.885527832964e-03,min,,
10000000066865.3613281250,-9.191076688268e-03,min,,
10000000066907.8671875000,8.881454193013e-03,max,,
10000000066951.4062500000,-1.705761831567e-02,min,,
10000000067045.1777343750,4.198381613849e-03,max,,
10000000067080.2578125000,-5.980567547864e-03,min,,
10000000067099.4726562500,-2.958109989928e-03,min,,
10000000067115.5917968750,-1.641498206656e-02,min,,
10000000067190.3691406250,1.791973333154e-02,max,,
10000000067225.8417968750,1.884568702755e-02,max,,
10000000067229.2714843750,7.787868046980e-03,max,,
10000000067337.5722656250,1.013112779367e-02,max,,
10000000067464.2558593750,1.652337022380e-02,max,,
10000000067477.4375000000,-1.970086873091e-02,min,,
10000000067568.2382812500,-1.840073026752e-02,min,,
10000000067614.8378906250,1.322579636849e-02,max,,
10000000067626.3417968750,-1.413288569477e-02,min,,
10000000067733.4062500000,1.543866993771e-02,max,,
10000000067768.4160156250,9.817498676141e-03,max,,
10000000067814.6386718750,-1.505366740130e-02,min,,
10000000067818.5839843750,-9.182360306690e-03,min,,
10000000067880.8417968750,-5.961674871044e-03,min,,
10000000068007.5234375000,1.627611665510e-02,max,,
10000000068049.0878906250,-6.922491495573e-03,min,,
10000000068204.0332031250,1.171289309959e-02,max,,
10000000068242.6796875000,-1.852173633882e-02,min,,
10000000068294.8007812500,5.391038913681e-03,max,,
10000000068295.8046875000,-3.408546648768e-03,min,,
10000000068415.2128906250,-1.581886212317e-02,min,,
10000000068442.1503906250,-1.993908518806e-02,min,,
10000000068488.9941406250,-1.670418449767e-02,min,,
10000000068586.2265625000,-1.618529432822e-02,min,,
10000000068621.6679687500,1.025437378343e-02,max,,
10000000068630.3222656250,1.937278858834e-02,max,,
10000000068630.6660156250,5.807734887274e-03,max,,
10000000068677.0957031250,8.547427409365e-03,max,,
10000000068860.8613281250,8.378277137942e-03,max,,
10000000068892.7148437500,1.147536627029e-02,max,,
10000000068895.0039062500,8.878762452499e-03,max,,
10000000069111.9511718750,9.528147904943e-03,max,,
10000000069112.3164062500,1.282489647933e-02,max,,
10000000069129.4394531250,6.344088291238e-03,max,,
10000000069141.9277343750,-1.235064526761e-02,min,,
10000000069335.5742187500,1.929226385920e-02,max,,
10000000069391.5449218750,8.495856744239e-03,max,,
10000000069466.9003906250,1.728497054144e-02,max,,
10000000069472.7011718750,-1.288494618865e-02,min,,
10000000069483.8925781250,-1.675325790738e-02,min,,
10000000069492.8027343750,-1.888375045469e-02,min,,
10000000069637.8984375000,4.970114559797e-03,max,,
10000000069684.5449218750,-1.774667871984e-02,min,,
10000000069757.6132812500,-1.654366889806e-02,min,,
10000000069757.6777343750,6.511343274854e-03,max,,
10000000069764.7695312500,-8.753271576970e-03,min,,
10000000069809.8691406250,-1.259074701288e-02,min,,
10000000069836.9121093750,1.933335306038e-02,max,,
10000000069906.7597656250,1.267964626558e-02,max,,
10000000069918.4394531250,1.114654478710e-02,max,,
10000000070009.6835937500,7.168177077181e-03,max,,
10000000070009.7265625000,-1.798739506340e-03,min,,
10000000070019.2500000000,-8.163529124327e-03,min,,
10000000070043.4375000000,-1.607834315063e-02,min,,
10000000070145.4257812500,-1.312405079537e-02,min,,
10000000070181.7128906250,1.908513075050e-02,max,,
10000000070210.7226562500,3.615673195398e-03,max,,
10000000070229.9121093750,1.377843978937e-02,max,,
10000000070245.1054687500,-9.793939298731e-03,min,,
10000000070318.3242187500,-8.979069017077e-03,min,,
10000000070383.9746093750,6.354648199841e-03,max,,
10000000070425.9941406250,7.389665082240e-03,max,,
10000000070696.8066406250,-1.146794404786e-02,min,,
10000000070772.4785156250,1.032818114715e-02,max,,
10000000070862.0917968750,4.559153793993e-03,max,,
10000000070872.5078125000,-9.503032357327e-03,min,,
10000000071217.9589843750,5.389149710844e-03,max,,
10000000071278.1152343750,1.507156159316e-02,max,,
10000000071423.0996093750,-1.996940944694e-02,min,,
10000000071433.5351562500,-7.108076300421e-03,min,,
10000000071440.0839843750,1.978288442077e-02,max,,
10000000071464.5078125000,1.494041387472e-03,max,4.77509588e-03,0.021352
10000000071495.8359375000,1.346192372777e-02,max,,
10000000071520.5019531250,1.864864717953e-02,max,,
10000000071530.2519531250,-1.985052436565e-02,min,,
10000000071560.4414062500,-1.980794257837e-02,min,,
10000000071566.3183593750,-6.405914414310e-03,min,,
10000000071668.4082031250,4.097265013731e-03,max,,
10000000071741.4082031250,1.389473220526e-02,max,,
10000000071746.3984375000,1.692436813367e-02,max,,
10000000071850.6191406250,1.822245815501e-02,max,,
10000000071885.4902343750,3.302783078649e-03,max,,
10000000071892.8417968750,-1.264078685879e-02,min,,
10000000071897.5800781250,1.097942648646e-02,max,,
10000000072028.1972656250,1.968514763745e-02,max,,
10000000072084.4492187500,1.404221313663e-02,max,,
10000000072101.6191406250,1.540467513702e-02,max,,
10000000072456.9140625000,4.173464614493e-03,max,,
10000000072509.4531250000,1.635041870484e-02,max,,
10000000072537.4433593750,-3.755557614715e-03,min,,
10000000072595.4902343750,-2.885772872983e-03,min,9.32187964e-03,0.041683
10000000072771.3945312500,1.535957325397e-02,max,,
10000000072780.5019531250,7.269595089278e-03,max,,
10000000072870.6992187500,1.751913876565e-02,max,,
10000000072874.2695312500,1.107498246172e-02,max,,
10000000072955.3183593750,1.973289065572e-02,max,,
10000000073057.2304687500,1.085569898921e-02,max,,
10000000073074.8867187500,-5.611345907878e-03,min,,
10000000073206.5234375000,-1.900407822445e-03,min,,
10000000073255.8671875000,8.388635754697e-03,max,,
10000000073265.2187500000,1.657815192994e-02,max,,
10000000073338.3945312500,-4.343441272973e-03,min,,
10000000073400.3085937500,1.267859991809e-02,max,,
10000000073534.3359375000,-9.280449998012e-03,min,,
10000000073538.6074218750,-3.751056006971e-04,min,4.63819782e-03,0.020740
10000000073600.0527343750,-1.500382836373e-02,min,,
10000000073654.0527343750,-1.553151066845e-02,min,,
10000000073700.4746093750,1.455274643598e-02,max,,
10000000073881.6074218750,1.691309551827e-02,max,,
10000000073904.8007812500,1.390189197267e-02,max,,
10000000073932.7031250000,4.586226445072e-03,max,,
10000000073990.0253906250,-7.257389429062e-03,min,,
10000000074036.9492187500,-1.615657635488e-03,min,9.79898806e-03,0.043817
10000000074041.3437500000,1.877415240121e-02,max,,
10000000074041.7617187500,9.974941810732e-03,max,,
10000000074081.2910156250,-1.443638140750e-02,min,,
10000000074114.6523437500,5.893732899028e-03,max,,
10000000074161.4804687500,-1.280617082648e-02,min,,
10000000074196.8906250000,1.809733901942e-02,max,,
10000000074229.9980468750,-8.898457363575e-03,min,,
10000000074230.0390625000,3.450235678561e-03,max,,
10000000074298.2617187500,-6.484365282491e-03,min,,
10000000074323.0820312500,1.840653129983e-02,max,,
10000000074372.3769531250,-2.501884808600e-03,min,,
10000000074498.1289062500,-1.651852627278e-02,min,,
10000000074579.1347656250,-1.357468214051e-02,min,,
10000000074602.4746093750,-1.833875670055e-02,min,,
10000000074656.1113281250,-5.260352649404e-03,min,,
10000000074774.6582031250,-1.939769149684e-02,min,,
10000000074820.6621093750,-1.739817527263e-02,min,,
10000000074938.0585937500,1.805361789514e-03,max,,
10000000074946.6894531250,-1.095839841996e-02,min,,
10000000075021.0683593750,-5.937451481497e-03,min,,
10000000075178.8808593750,-1.758513963838e-02,min,,
10000000075254.5214843750,-1.596908290899e-02,min,,
10000000075411.4707031250,-1.865383939965e-02,min,,
10000000075447.5917968750,1.187376090043e-02,max,,
10000000075466.4843750000,-1.142082622261e-02,min,,
10000000075609.8105468750,2.120393446923e-03,max,,
10000000075621.6718750000,-8.693650678460e-03,min,,
10000000075650.0058593750,1.412279612694e-02,max,,
10000000075660.0273437500,1.769132312264e-02,max,,
10000000075682.8066406250,1.859534699831e-02,max,,
10000000075700.5761718750,9.080032950374e-03,max,,
10000000075773.5839843750,1.280630997756e-02,max,,
10000000075781.1113281250,1.440910313128e-02,max,,
10000000075930.6816406250,-1.854738899044e-02,min,,
10000000075966.5664062500,-6.647355619594e-03,min,,
10000000075976.5957031250,1.245333954032e-02,max,,
10000000075980.8691406250,-1.766637041692e-02,min,,
10000000076064.6738281250,7.465124486561e-03,max,,
10000000076122.5761718750,-1.483228979575e-02,min,,
10000000076299.7851562500,-1.333317108249e-02,min,,
10000000076347.8476562500,9.598985948127e-03,max,,
10000000076363.3964843750,-4.129796925707e-03,min,,
10000000076381.5898437500,-1.220416625339e-02,min,,
10000000076516.5039062500,1.311130119279e-02,max,,
10000000076528.4472656250,1.062753056669e-02,max,,
10000000076538.4843750000,1.532800848273e-02,max,,
10000000076578.9316406250,-1.322808521497e-02,min,,
10000000076626.0019531250,1.559152992483e-02,max,,
10000000076679.7949218750,1.153770411444e-02,max,,
10000000076719.8125000000,1.219040895573e-02,max,,
10000000076800.6386718750,-1.655622377169e-02,min,,
10000000076860.5019531250,1.283338133235e-02,max,,
10000000076884.2695312500,-6.797029067446e-03,min,,
10000000077026.5175781250,-1.967918549273e-02,min,,
10000000077032.9531250000,-1.699074068080e-02,min,,
10000000077148.7910156250,-8.314440363285e-03,min,,
10000000077148.8398437500,1.361859397052e-02,max,,
10000000077153.2500000000,6.574650315206e-04,max,9.27455025e-03,0.041472
10000000077161.9394531250,1.760365562137e-02,max,,
10000000077182.8183593750,7.427462568789e-03,max,,
10000000077223.2929687500,-4.241637383218e-03,min,,
10000000077233.2402343750,-1.203945186968e-02,min,,
10000000077325.3378906250,-8.889836925804e-03,min,,
10000000077349.0234375000,-1.228019452286e-02,min,,
10000000077363.8457031250,-6.204686953308e-03,min,,
10000000077406.2773437500,-5.984598996622e-03,min,,
10000000077451.8066406250,1.727396851601e-02,max,,
10000000077626.1601562500,8.433337600699e-03,max,,
10000000077679.0312500000,-1.689684550688e-02,min,,
10000000077680.4355468750,-1.090140252299e-02,min,,
10000000077769.9648437500,-7.940056834447e-03,min,,
10000000077788.4589843750,7.519182690607e-03,max,,
10000000077949.0742187500,8.199910503709e-03,max,,
10000000078021.5546875000,1.022112353480e-02,max,,
10000000078039.3378906250,1.265871091992e-02,max,,
10000000078085.8632812500,1.886179529430e-02,max,,
10000000078146.8808593750,1.349932404040e-02,max,,
10000000078257.5781250000,9.512272403974e-03,max,,
10000000078268.9179687500,1.545746112418e-02,max,,
10000000078268.9843750000,-1.488529581353e-02,min,,
10000000078333.7890625000,-1.097273156400e-02,min,,
10000000078491.4160156250,-1.313294122104e-02,min,,
10000000078585.2460937500,-1.552447264544e-02,min,,
10000000078629.6328125000,-1.304802359228e-02,min,,
10000000078702.1347656250,-1.891865350708e-02,min,,
10000000078785.0917968750,-9.680899272921e-03,min,,
10000000078828.7578125000,1.972058818061e-02,max,,
10000000078874.8261718750,2.176520480550e-03,max,,
10000000078916.2402343750,-9.569658619939e-03,min,,
10000000079046.6855468750,7.005611329155e-03,max,,
10000000079175.4609375000,1.094965645724e-02,max,,
10000000079191.0742187500,6.434216068475e-03,max,,
10000000079354.2851562500,-1.617903022449e-02,min,,
10000000079492.1406250000,1.640944239167e-02,max,,
10000000079528.5722656250,-7.266329631614e-03,min,,
10000000079572.8222656250,-1.849626254904e-02,min,,
10000000079612.2070312500,-8.924068502775e-03,min,,
10000000079639.2929687500,4.193614771276e-03,max,,
10000000079641.3789062500,-9.649071979392e-03,min,,
10000000079654.3046875000,-1.766954378177e-02,min,,
10000000079780.3222656250,-1.283356103142e-02,min,,
10000000079783.3144531250,1.612283405301e-02,max,,
10000000079834.5878906250,-1.504500540714e-02,min,,
10000000079854.3984375000,1.385362207614e-02,max,,
10000000079887.2617187500,-1.011838642677e-02,min,,
10000000079989.3222656250,-1.802452031176e-02,min,,
10000000080018.5507812500,1.697259217027e-02,max,,
10000000080116.2558593750,-1.524826909321e-02,min,,
10000000080155.3613281250,1.123711986454e-02,max,,
10000000080178.2187500000,1.237394740605e-02,max,,
10000000080191.0917968750,1.396405957781e-02,max,,
10000000080213.3261718750,-4.871080720652e-03,min,,
10000000080291.3261718750,1.512556210890e-02,max,,
10000000080317.1113281250,-1.846361762426e-02,min,,
10000000080333.8496093750,1.305247288925e-02,max,,
10000000080372.5000000000,-1.184094225685e-02,min,,
10000000080396.9921875000,1.447423593655e-02,max,,
10000000080435.1992187500,-1.222130104212e-02,min,,
10000000080504.5761718750,-1.722802577614e-02,min,,
10000000080568.4160156250,-7.314940621718e-03,min,,
10000000080768.0722656250,-1.193509152733e-02,min,,
10000000080796.6601562500,-7.755154148050e-03,min,,
10000000080807.3378906250,-5.043261362944e-03,min,,
10000000080940.7578125000,1.907341475808e-02,max,,
10000000081042.8964843750,8.088454768304e-03,max,,
10000000081087.5039062500,1.734842325625e-02,max,,
10000000081148.8457031250,-5.457729300814e-03,min,,
10000000081376.1074218750,-1.955073467581e-02,min,,
10000000081557.1660156250,2.401597261133e-03,max,,
10000000081574.8652343750,-1.442166891977e-02,min,,
10000000081630.5468750000,1.077659205944e-02,max,,
10000000081630.6269531250,-1.673300862128e-02,min,,
10000000081727.4726562500,-1.342665816621e-02,min,,
10000000081791.7109375000,9.877311101060e-03,max,,
10000000081821.1132812500,1.283279750563e-02,max,,
10000000081821.4687500000,1.177140653975e-02,max,,
10000000081918.1894531250,4.352774790454e-04,max,5.75571223e-03,0.025737
10000000081984.8515625000,7.327993515759e-03,max,,
10000000082060.0859375000,-3.011306120692e-03,min,9.03691778e-03,0.040409
10000000082101.4843750000,1.510914803145e-02,max,,
10000000082329.7285156250,-1.795235883513e-02,min,,
10000000082335.4863281250,8.922677738465e-03,max,,
10000000082466.6054687500,-5.014229624468e-03,min,,
10000000082609.4707031250,-1.679926451858e-02,min,,
10000000082654.3691406250,7.565621604211e-03,max,,
10000000082796.9628906250,1.553010257849e-02,max,,
10000000082854.8808593750,-1.190867629869e-02,min,,
10000000082890.4277343750,7.815470036532e-03,max,,
10000000082996.8359375000,-3.583196729535e-03,min,,
10000000083032.0898437500,-1.884397664845e-02,min,,
10000000083100.4824218750,-2.983104181444e-03,min,,
10000000083105.2871093750,1.529751190363e-02,max,,
10000000083125.4218750000,4.583120926027e-03,max,,
10000000083125.4648437500,-3.189608945319e-03,min,,
10000000083215.3632812500,1.628150256682e-02,max,,
10000000083242.9726562500,6.266759923253e-03,max,,
10000000083299.2988281250,6.598941688429e-03,max,,
10000000083320.2519531250,5.387497321187e-03,max,9.07331744e-03,0.040572
10000000083351.4238281250,-1.925028613122e-02,min,,
10000000083370.1718750000,-9.886013278127e-03,min,,
10000000083370.8750000000,1.661860489559e-02,max,,
10000000083403.5664062500,1.142585303056e-02,max,,
10000000083460.5175781250,1.547551611858e-02,max,,
10000000083507.4550781250,-1.776446955408e-02,min,,
10000000083515.8574218750,2.061792172712e-03,max,8.59258545e-03,0.038422
10000000083622.0781250000,-3.778023231167e-03,min,,
10000000083640.0097656250,7.143741958837e-03,max,,
10000000083695.3886718750,-1.522583019330e-02,min,,
10000000083742.3496093750,-5.693465784306e-03,min,,
10000000083757.6894531250,-2.868498769930e-03,min,,
10000000083850.7910156250,1.944811646875e-02,max,,
10000000083907.0566406250,1.997196200942e-02,max,,
10000000084149.0527343750,2.842302559261e-03,max,,
10000000084249.9023437500,-5.097140502955e-03,min,,
10000000084319.1171875000,1.871144345686e-02,max,,
10000000084348.0781250000,3.602491377874e-03,max,,
10000000084433.3574218750,-1.889856154170e-02,min,,
10000000084475.4335937500,-1.513846673540e-02,min,,
10000000084593.7421875000,1.738171992929e-02,max,,
10000000084633.4746093750,1.745651016717e-02,max,,
10000000084655.6367187500,1.524307872497e-02,max,,
10000000084730.7753906250,-1.956793202996e-02,min,,
10000000084932.9257812500,-1.249685826118e-02,min,,
10000000085023.4570312500,7.680394273659e-03,max,,
10000000085023.5195312500,-1.703571430910e-02,min,,
10000000085040.4101562500,1.669684140530e-02,max,,
10000000085050.7207031250,1.778880732703e-02,max,,
10000000085217.0195312500,-3.068496228875e-03,min,,
10000000085371.9433593750,6.882075235890e-03,max,,
10000000085547.3671875000,1.242597574311e-02,max,,
10000000085547.4238281250,-1.048499110086e-02,min,,
10000000085560.9531250000,-6.086455859063e-03,min,,
10000000085573.6289062500,1.554193248415e-02,max,,
10000000085651.4960937500,1.019005044299e-02,max,,
10000000085702.0312500000,5.625827513539e-03,max,,
10000000085743.6250000000,-5.899639234325e-03,min,,
10000000085806.5781250000,-4.965986761089e-03,min,,
10000000085893.1953125000,-1.082769218979e-02,min,,
10000000085928.0644531250,-7.095810204625e-03,min,,
10000000085936.5253906250,1.832269565472e-02,max,,
10000000085984.1660156250,1.819104466653e-02,max,,
10000000086099.3535156250,-1.412116076675e-02,min,,
10000000086108.6679687500,8.779785048752e-03,max,,
10000000086108.7382812500,-1.794209479341e-02,min,,
10000000086115.0605468750,1.189217461689e-02,max,,
10000000086234.3691406250,9.301346029882e-03,max,,
10000000086265.3105468750,-1.645875516173e-02,min,,
10000000086299.6425781250,-1.620563888378e-02,min,,
10000000086327.5312500000,-1.914234121442e-02,min,,
10000000086373.3125000000,1.188752371785e-02,max,,
10000000086568.8515625000,1.855339394630e-02,max,,
10000000086583.2167968750,1.120550814806e-02,max,,
10000000086589.3964843750,1.363541650892e-02,max,,
10000000086590.0039062500,-1.857778706515e-02,min,,
10000000086635.8222656250,9.356226958855e-03,max,,
10000000086737.8886718750,1.267866632929e-02,max,,
10000000086824.0136718750,-1.880897660266e-02,min,,
10000000086825.8085937500,-3.461108427148e-03,min,,
10000000086885.7910156250,-7.324968261950e-03,min,,
10000000087080.5468750000,1.781975204722e-02,max,,
10000000087120.0156250000,5.772215269958e-03,max,,
10000000087196.8066406250,1.134881660961e-02,max,,
10000000087385.3105468750,-1.150203396220e-02,min,,
10000000087474.9003906250,-1.651765069790e-02,min,,
10000000087522.4628906250,3.690695670783e-03,max,,
10000000087584.3847656250,-7.877065712944e-03,min,,
10000000088001.8632812500,1.412664214797e-02,max,,
10000000088075.7050781250,8.556755184690e-03,max,,
10000000088090.7968750000,-5.374970587219e-03,min,,
10000000088112.0078125000,6.661041596727e-03,max,,
10000000088139.0175781250,-1.717148141550e-02,min,,
10000000088146.6367187500,-1.920278575578e-02,min,,
10000000088227.3164062500,8.011147630519e-03,max,,
10000000088322.0488281250,9.105372318589e-03,max,,
10000000088372.5019531250,-1.559057638980e-02,min,,
10000000088420.9980468750,1.453549509248e-02,max,,
10000000088429.8535156250,-1.411543118149e-02,min,,
10000000088499.5722656250,-8.853982959789e-03,min,,
10000000088516.3222656250,7.211100359227e-03,max,,
10000000088563.1406250000,-4.853139177295e-03,min,,
10000000088618.7011718750,1.030874263612e-02,max,,
10000000088631.3476562500,-1.420614235786e-02,min,,
10000000088780.3789062500,-1.037889976248e-02,min,,
10000000088837.4765625000,1.136953930686e-02,max,,
10000000088867.3808593750,-1.862615676886e-02,min,,
10000000088984.7968750000,-5.645114713623e-03,min,,
10000000089024.8281250000,1.669243654164e-02,max,,
10000000089025.9980468750,-1.728320378387e-02,min,,
10000000089070.6210937500,1.539546292533e-03,max,,
10000000089070.6699218750,-8.556761027690e-03,min,,
10000000089089.8847656250,-8.852893793077e-03,min,,
10000000089106.6425781250,1.809150570168e-02,max,,
10000000089136.9785156250,1.783727744440e-02,max,,
10000000089154.2167968750,-3.377993760681e-03,min,,
10000000089164.1230468750,-1.197835628395e-02,min,,
10000000089254.5761718750,-1.385031553449e-02,min,,
10000000089387.2656250000,-1.247240226960e-02,min,,
10000000089516.3339843750,9.620646659878e-03,max,,
10000000089535.2246093750,1.128849933133e-02,max,,
10000000089535.3105468750,-1.817275258881e-02,min,,
10000000089582.7851562500,-1.457303464924e-02,min,,
10000000089709.0605468750,1.970294899011e-02,max,,
10000000089820.2753906250,-1.633658467360e-02,min,,
10000000089923.4707031250,-9.283874697113e-03,min,,
10000000089996.1738281250,-1.351918149614e-02,min,,
10000000090015.2089843750,1.780352393954e-02,max,,
10000000090148.3847656250,1.060129182323e-02,max,,
10000000090186.8242187500,1.647653822281e-02,max,,
10000000090297.3359375000,8.227062311675e-03,max,,
10000000090338.9472656250,1.774301379114e-02,max,,
10000000090397.7421875000,-1.040141658252e-02,min,,
10000000090542.7558593750,5.150012327550e-03,max,,
10000000090577.7070312500,9.964259907077e-03,max,,
10000000090594.2578125000,1.680199905275e-02,max,,
10000000090613.5820312500,1.312948834421e-02,max,,
10000000090667.4902343750,-1.166971921740e-02,min,,
10000000090703.1835937500,-1.753811893188e-02,min,,
10000000090821.9980468750,1.209861021805e-02,max,,
10000000090855.4726562500,-3.389077871525e-03,min,,
10000000091056.0644531250,-1.925280896448e-02,min,,
10000000091146.9355468750,-1.621804363527e-02,min,,
10000000091174.8886718750,1.108475419348e-02,max,,
10000000091184.0000000000,-1.893384147239e-02,min,,
10000000091246.3203125000,1.130556167377e-02,max,,
10000000091249.0800781250,3.862963094105e-03,max,,
10000000091273.2246093750,4.393053727840e-03,max,,
10000000091410.8046875000,-6.497527916913e-04,min,8.81788625e-03,0.039430
10000000091414.0917968750,1.665554718370e-02,max,,
10000000091456.4179687500,-1.825114391058e-02,min,,
10000000091573.5585937500,-1.924756003709e-02,min,,
10000000091639.9335937500,3.056048523169e-03,max,,
10000000091639.9902343750,-1.272058628175e-02,min,,
10000000091725.6054687500,6.733762830355e-03,max,,
10000000091737.4824218750,1.772636287757e-02,max,,
10000000091772.7792968750,1.550628236876e-02,max,,
10000000091867.5839843750,1.133266820186e-02,max,,
10000000091964.2519531250,3.733382937676e-03,max,,
10000000091972.2851562500,1.928561840609e-02,max,,
10000000091975.6718750000,-9.518835778476e-03,min,,
10000000092087.6855468750,-5.852343872325e-03,min,,
10000000092132.4941406250,1.776733221044e-02,max,,
10000000092219.0644531250,1.782524286044e-02,max,,
10000000092228.4296875000,-1.857431937691e-02,min,,
10000000092263.6757812500,-1.776013048069e-02,min,,
10000000092324.8105468750,1.703928356533e-02,max,,
10000000092354.7421875000,1.246904410756e-02,max,,
10000000092553.5820312500,-1.833084847781e-02,min,,
10000000092725.9863281250,1.802365119539e-02,max,,
10000000092736.7714843750,8.148775532882e-03,max,,
10000000092753.7500000000,2.868217373292e-03,max,,
10000000092908.9316406250,2.659564463160e-03,max,,
10000000092916.0097656250,7.987809970997e-03,max,,
10000000092967.9335937500,6.023598458635e-03,max,,
10000000092986.0527343750,-2.324843260341e-03,min,7.96263698e-03,0.035606
10000000093050.0898437500,-1.343513117984e-02,min,,
10000000093057.8984375000,1.297164225866e-02,max,,
10000000093206.6953125000,8.648619097869e-03,max,,
10000000093342.3886718750,1.816612060829e-02,max,,
10000000093412.4765625000,-1.769201533062e-02,min,,
10000000093502.6777343750,-1.470688065585e-02,min,,
10000000093619.7519531250,-1.568077635375e-02,min,,
10000000093642.0742187500,-1.993704132151e-02,min,,
10000000093686.1484375000,-1.609761851757e-02,min,,
10000000093761.5136718750,-1.829287002657e-02,min,,
10000000093801.9277343750,-1.898541462550e-02,min,,
10000000093824.8964843750,1.043734445075e-02,max,,
10000000093842.0976562500,-1.187573074210e-02,min,,
10000000093955.5429687500,1.125478278046e-02,max,,
10000000093973.8925781250,-1.017391495121e-02,min,,
10000000094013.6542968750,9.201421809828e-03,max,,
10000000094057.7578125000,-4.082669135157e-03,min,,
10000000094129.6757812500,-4.629207599935e-03,min,,
10000000094146.2597656250,-1.428842515443e-02,min,,
10000000094149.8164062500,-1.381050782722e-02,min,,
10000000094178.0468750000,-1.265581205242e-02,min,,
10000000094251.5820312500,2.882470651283e-03,max,1.07655345e-02,0.048139
10000000094259.2031250000,1.507693457625e-02,max,,
10000000094268.2285156250,1.190070234125e-02,max,,
10000000094466.0019531250,1.594096967691e-02,max,,
10000000094477.0371093750,1.871491864923e-02,max,,
10000000094494.8984375000,1.604427734226e-02,max,,
10000000094573.9433593750,-1.192315978618e-02,min,,
10000000094574.5761718750,1.119144963631e-02,max,,
10000000094591.3593750000,-7.413080270071e-03,min,,
10000000094681.8378906250,8.637987951125e-03,max,,
10000000094821.4003906250,8.310778740240e-04,max,7.87682993e-03,0.035222
10000000094927.5742187500,1.462247197135e-02,max,,
10000000095090.1738281250,1.282266469808e-02,max,,
10000000095098.6347656250,-5.916094531302e-03,min,,
10000000095224.5058593750,1.732342749774e-02,max,,
10000000095273.9804687500,1.724050390147e-02,max,,
10000000095415.3750000000,7.858114126860e-03,max,,
10000000095515.7714843750,-7.264866293487e-03,min,,
10000000095634.7539062500,-1.945182822881e-02,min,,
10000000095679.4277343750,2.471709363445e-03,max,,
10000000095724.1386718750,1.645644358140e-02,max,,
10000000095753.0585937500,1.878896741489e-02,max,,
10000000095879.6250000000,1.615240030070e-02,max,,
10000000095933.4843750000,1.069639137622e-02,max,,
10000000095980.3691406250,1.558305386210e-02,max,,
10000000096036.1191406250,6.484876215636e-03,max,,
10000000096071.5371093750,1.682414810207e-02,max,,
10000000096122.7890625000,-9.453986328123e-03,min,,
10000000096156.6328125000,1.288311326934e-02,max,,
10000000096216.2421875000,-1.357862952921e-02,min,,
10000000096363.0996093750,1.635810270520e-03,max,9.49143087e-03,0.042442
10000000096379.9375000000,-1.210614886262e-02,min,,
10000000096524.4824218750,-1.778193606513e-02,min,,
10000000096558.5878906250,1.869276674082e-02,max,,
10000000096586.3105468750,-1.555138644402e-02,min,,
10000000096661.6015625000,-1.484876728209e-02,min,,
10000000096667.8691406250,-8.872926425187e-03,min,,
10000000096675.8437500000,1.687993141037e-02,max,,
10000000096707.5703125000,4.872509735461e-03,max,,
10000000096725.3437500000,1.451053683781e-02,max,,
10000000096757.2558593750,8.608228722100e-03,max,,
10000000096987.3554687500,-8.150135384933e-03,min,,
10000000096987.9277343750,3.889930673194e-03,max,,
10000000097000.5742187500,1.379204215153e-02,max,,
10000000097014.6093750000,-7.065719640125e-04,min,4.43877354e-03,0.019848
10000000097031.8085937500,3.146964190955e-03,max,,
10000000097148.8144531250,-7.034926262514e-05,min,2.51281899e-03,0.011236
10000000097266.9218750000,-5.159534804860e-03,min,,
10000000097348.2753906250,-1.106145004053e-02,min,,
10000000097393.8945312500,-1.874507304845e-02,min,,
10000000097426.2558593750,-1.335322220663e-02,min,,
10000000097511.3496093750,8.800791911530e-03,max,,
10000000097604.1152343750,-2.057990008059e-03,min,,
10000000097626.1542968750,-3.851692007352e-03,min,1.05104377e-02,0.046998
10000000097640.2949218750,-1.755872602161e-04,min,5.15874801e-03,0.023068
10000000097672.9667968750,-1.242500459519e-02,min,,
10000000097891.2812500000,-5.846088361620e-03,min,,
10000000097901.4355468750,1.074935358482e-02,max,,
10000000097909.8125000000,1.503163986735e-02,max,,
10000000097936.7382812500,1.734470686058e-02,max,,
10000000097951.9707031250,1.564884390719e-02,max,,
10000000097953.9453125000,-1.680235711434e-02,min,,
10000000097981.5957031250,-1.700883083187e-02,min,,
10000000098137.4843750000,1.972401990329e-02,max,,
10000000098300.4101562500,1.498262111156e-02,max,,
10000000098318.8476562500,-9.278419573697e-03,min,,
10000000098336.1171875000,2.275523646754e-03,max,,
10000000098428.7910156250,-5.393881512979e-03,min,,
10000000098572.5644531250,-1.129472881503e-02,min,,
10000000098604.8886718750,9.783979123841e-03,max,,
10000000098624.2226562500,1.707177658928e-03,max,9.74335706e-03,0.043568
10000000098680.2109375000,-1.499613704028e-02,min,,
10000000098795.8007812500,8.290914142912e-03,max,,
10000000099015.0859375000,1.437776760548e-02,max,,
10000000099065.9804687500,1.996569581664e-02,max,,
10000000099069.8359375000,-7.634997746855e-03,min,,
10000000099077.3886718750,-1.326009164012e-02,min,,
10000000099107.6660156250,1.948027439572e-02,max,,
10000000099159.8769531250,1.556142834658e-02,max,,
10000000099234.2578125000,1.274463745529e-02,max,,
10000000099367.4414062500,5.866874955605e-03,max,,
10000000099404.9902343750,-8.504296496814e-03,min,,
10000000099463.8652343750,-1.570863699296e-02,min,,
10000000099531.6621093750,1.947511791091e-02,max,,
10000000099626.3046875000,1.059514073524e-02,max,,
10000000099650.3066406250,1.466722750264e-02,max,,
10000000099857.7695312500,6.319095712075e-03,max,,
10000000099876.4785156250,1.736795461453e-02,max,,
10000000099966.6621093750,-8.097244347432e-03,min,,
10000000099976.9257812500,-3.737979802068e-03,min,,
